734, "Kizuna: Koi no kara Sawagi, OVA, Manga, 1, 2001-03-03, 44 min., R+ - Mild Nudity, 6.88, , 2403, 4928, 4869, 7, 2, "Drama, Romance, Yaoi, ", 81, 3675, 46, 59, 1008, 4869
746, "Papa to Kiss in the Dark, OVA, Light novel, 2, 2005-11-23, 30 min. per ep., R+ - Mild Nudity, 6.37, , 20852, 1969, 34103, 158, 2, "Comedy, Drama, Romance, Yaoi, ", 434, 30236, 183, 469, 2781, 34103
1042, "Bronze: Zetsuai Since 1989, OVA, Manga, 1, 1996-12-04, 54 min., R+ - Mild Nudity, 6.61, , 4374, 4091, 7804, 32, 6, "Drama, Music, Romance, Sports, Yaoi, ", 84, 6500, 55, 102, 1063, 7804
1190, "Tennis no Ouji-sama: Sonzoku Yama no Hi, OVA, Unknown, 1, , 30 min., PG-13 - Teens 13 or older, 7.46, 1782, 7132, 3328, 12860, 47, 2, "Adventure, Comedy, Sports, Shounen, ", 96, 11078, 64, 57, 1565, 12860
1496, "Fushigi no Kuni no Miyuki-chan, OVA, Manga, 2, 1995-06-21, 15 min. per ep., R+ - Mild Nudity, 5.9, , 4434, 3945, 8475, 7, 2, "Comedy, Ecchi, Fantasy, Shoujo Ai, Yuri, ", 132, 6133, 95, 108, 2007, 8475
2148, "Okane ga Nai, OVA, Manga, 4, 2007-02-09, 30 min. per ep., R+ - Mild Nudity, 6.49, , 19284, 2018, 32533, 192, 4, "Drama, Romance, Yaoi, ", 827, 26790, 511, 1045, 3360, 32533
2218, "Fujimi 2-choume Koukyougakudan, OVA, Light novel, 1, 1997-07-22, 1 hr., R+ - Mild Nudity, 5.7, , 3019, 4628, 5740, 7, 2, "Drama, Music, Psychological, Romance, Slice of Life, Yaoi, ", 81, 4402, 48, 101, 1108, 5740
2238, "Fuyu no Semi, OVA, Manga, 3, 2007-02-23, 30 min. per ep., R+ - Mild Nudity, 7.7, , 7462, 3130, 14513, 137, 4, "Drama, Historical, Romance, Samurai, Yaoi, ", 325, 10179, 223, 257, 3529, 14513
2290, "Superflat Monogram, Special, Original, 1, , 5 min., G - All Ages, 6.65, 4987, 3260, 4652, 5670, 1, 2, "Adventure, Fantasy, ", 53, 4504, 24, 20, 1069, 5670
2428, "Tanpen Unico: Kuroi Kumo to Shiroi Hane, OVA, Manga, 1, , 26 min., G - All Ages, 6.36, 6172, 358, 8614, 844, 0, 4, "Adventure, Kids, Fantasy, ", 28, 529, 9, 30, 248, 844
2512, "Detective Conan OVA 02: 16 Suspects, OVA, Manga, 1, , 25 min., PG-13 - Teens 13 or older, 7.42, 1923, 5556, 3617, 10428, 9, 2, "Adventure, Mystery, Comedy, Police, Shounen, ", 87, 8760, 77, 67, 1437, 10428
2514, "Detective Conan OVA 04: Conan and Kid and Crystal Mother, OVA, Manga, 1, , 25 min., PG-13 - Teens 13 or older, 7.61, 1319, 5771, 3538, 11022, 3, 5, "Adventure, Mystery, Police, Shounen, ", 105, 9231, 84, 68, 1534, 11022
2616, "Sora Iro no Tane, Special, Picture book, 1, , 1 min., PG - Children, 5.94, 7492, 1341, 6416, 2474, 0, 0, "Kids, ", 26, 1887, 17, 23, 521, 2474
3186, "Sekai Meisaku Douwa: Hakuchou no Mizuumi, Movie, Unknown, 1, , 1 hr. 15 min., G - All Ages, 7.24, 2663, 1008, 6757, 2115, 14, 0, "Drama, Fantasy, Romance, ", 44, 1331, 20, 30, 690, 2115
3210, "Ikoku Irokoi Romantan, OVA, Manga, 2, 2007-12-21, 27 min. per ep., R+ - Mild Nudity, 7.2, , 17507, 2130, 29653, 118, 2, "Comedy, Romance, Yaoi, ", 502, 25247, 233, 250, 3421, 29653
3252, "Super Teukgeup Mazinger 7, Movie, Unknown, 1, , 1 hr. 30 min., PG - Children, 4.92, 9126, 197, 9588, 490, 1, 0, "Sci-Fi, Mecha, ", 17, 276, 7, 28, 162, 490
3624, "Seimei no Kagaku: Micro Patrol, TV, Unknown, 26, , 24 min. per ep., G - All Ages, 7.24, 2662, 562, 8095, 1108, 1, 2, "Adventure, ", 30, 819, 30, 56, 173, 1108
3684, "Dimension Loop, OVA, Original, 1, , 4 min., PG-13 - Teens 13 or older, 5.67, 8065, 998, 6746, 2130, 2, 0, "Sci-Fi, ", 30, 1399, 16, 22, 663, 2130
3786, "Evangelion: 3.0+1.0, Movie, Original, 1, , Unknown, R - 17+ (violence & profanity), 0, , 1, 959, 88390, 152, 4, "Action, Mecha, Sci-Fi, ", 0, 2, 0, 0, 88388, 88390
3930, "Issunboushi no Shusse, Movie, Original, 1, , 1 min., G - All Ages, 4.64, 9324, 494, 8575, 863, 0, 0, "Supernatural, ", 9, 736, 7, 22, 89, 863
3960, "Armored Core: Fort Tower Song, ONA, Unknown, 1, , 1 min., PG-13 - Teens 13 or older, 4.8, 9224, 267, 8221, 1035, 0, 0, "Action, Mecha, Sci-Fi, ", 22, 399, 13, 26, 575, 1035
4096, "Mizu no Tane, Movie, Other, 1, , 19 min., PG-13 - Teens 13 or older, 5.5, 8382, 69, 11270, 200, 0, 0, "Historical, ", 11, 112, 5, 20, 52, 200
4126, "Mahou no Tenshi Creamy Mami: Lovely Serenade, Music, Unknown, 1, , 29 min., G - All Ages, 5.95, 7466, 163, 9671, 468, 0, 4, "Music, ", 15, 233, 9, 26, 185, 468
4162, "Taiho Shichau zo: Nagisa no Koutsuu Yuudou, Special, Manga, 1, , 24 min., PG-13 - Teens 13 or older, 7.21, 2787, 1309, 6040, 2915, 0, 12, "Action, Police, Comedy, Seinen, ", 60, 1911, 60, 33, 851, 2915
4190, "Harukanaru Toki no Naka de 3: Kurenai no Tsuki Special, Special, Visual novel, 1, , 7 min., G - All Ages, 6.88, 3989, 348, 8068, 1125, 3, 2, "Fantasy, Comedy, Shoujo, ", 32, 546, 23, 38, 486, 1125
4218, "Niji ni Mukatte, Movie, Original, 1, , 18 min., G - All Ages, 5.87, 7653, 52, 11299, 196, 0, 0, "Romance, Historical, ", 10, 91, 3, 21, 71, 196
4220, "Okon Joururi, Movie, Original, 1, , 25 min., G - All Ages, 5.96, 7448, 54, 10940, 232, 1, 0, "Fantasy, Historical, Drama, ", 9, 89, 6, 22, 106, 232
4396, "Osaru no Kantai, Movie, Original, 1, , 1 min., G - All Ages, 4.48, 9390, 389, 8983, 688, 0, 0, "Military, Music, ", 11, 573, 5, 20, 79, 688
4398, "Kuro Nyago, Movie, Original, 1, , 3 min., G - All Ages, 5.51, 8360, 1095, 6541, 2333, 5, 0, "Fantasy, ", 23, 1620, 16, 41, 633, 2333
4418, "Catman Series II, ONA, Unknown, 8, , 4 min. per ep., PG-13 - Teens 13 or older, 6.38, 6068, 443, 8549, 872, 1, 6, "Comedy, Fantasy, Slice of Life, ", 15, 581, 19, 31, 226, 872
4420, "Vampiyan Kids: Pilot, Special, Original, 1, , 18 min., G - All Ages, 6.26, 6563, 263, 9198, 610, 0, 4, "Action, Comedy, Kids, Vampire, ", 13, 383, 4, 27, 183, 610
4462, "Tairiki Tarou no Mucha Shuugyou, Movie, Original, 1, , 1 min., G - All Ages, 4.73, 9272, 612, 8278, 1007, 1, 0, "Action, ", 14, 891, 5, 23, 74, 1007
4660, "Yoshino no Hime, ONA, Original, 1, , 8 min., G - All Ages, 5.84, 7725, 168, 9959, 399, 1, 0, "Comedy, Fantasy, Historical, Slice of Life, ", 9, 227, 5, 16, 142, 399
4966, "Jigazou, Movie, Unknown, 1, , 12 sec., G - All Ages, 4.84, 9195, 847, 7605, 1403, 5, 0, "Comedy, ", 17, 1204, 7, 20, 155, 1403
5158, "Noisy Birth, Music, Unknown, 1, , 2 min., PG-13 - Teens 13 or older, 4.88, 9155, 2308, 5440, 3792, 0, 0, "Dementia, Music, ", 31, 3235, 16, 22, 488, 3792
5168, "Asience: Kami wa Onna no Inochi, Special, Unknown, 1, , 1 min., PG-13 - Teens 13 or older, 6.34, 6211, 2104, 5307, 4038, 1, 0, "Historical, Samurai, ", 41, 2943, 25, 26, 1003, 4038
5260, "Pankunchi, ONA, Unknown, 10, , 1 min. per ep., G - All Ages, 5.88, 7632, 67, 10827, 247, 0, 0, "Kids, Adventure, ", 21, 86, 9, 28, 103, 247
5270, "All That Gundam, Special, Unknown, 1, , 1 min., G - All Ages, 5.82, 7748, 1487, 5746, 3323, 22, 2, "Action, Sci-Fi, Mecha, ", 52, 2393, 35, 68, 775, 3323
5466, "Mahoutsukai Tai! vs. Shamanic Princess, OVA, Unknown, 1, , 15 min., PG-13 - Teens 13 or older, 6.41, 5965, 118, 8332, 980, 4, 3, "Comedy, Magic, Fantasy, ", 27, 210, 35, 27, 681, 980
5472, "Kokoro Toshokan: Communication Clips, Special, Manga, 1, , 5 min., G - All Ages, 5.88, 7626, 174, 9454, 524, 0, 2, "Comedy, Drama, Slice of Life, ", 11, 279, 15, 19, 200, 524
5624, "Biohazard 4D-Executer, Special, Game, 1, , 20 min., R - 17+ (violence & profanity), 5.63, 8158, 1575, 6012, 2954, 3, 2, "Action, Adventure, Military, Horror, ", 32, 2104, 31, 46, 741, 2954
5632, "Nihonichi Momotarou, Movie, Original, 1, , 11 min., G - All Ages, 5.49, 8426, 497, 8544, 876, 0, 0, "Fantasy, ", 11, 710, 4, 25, 126, 876
5656, "PuriGorota: Uchuu no Yuujou Daibouken, OVA, Unknown, 1, , 16 min., PG - Children, 5.01, 9058, 1302, 6482, 2412, 0, 3, "Kids, Adventure, Sci-Fi, ", 36, 1713, 39, 59, 565, 2412
5774, "Seitokaichou ni Chuukoku, OVA, Manga, 2, 2009-11-27, 30 min. per ep., R+ - Mild Nudity, 7.29, , 16922, 2107, 30208, 121, 2, "Comedy, Drama, Romance, School, Yaoi, ", 678, 24837, 224, 231, 4238, 30208
5784, "Ai no Kusabi (2012), OVA, Light novel, 4, 2012-01-18, 25 min. per ep., R+ - Mild Nudity, 6.88, , 9839, 2558, 21737, 93, 4, "Drama, Romance, Sci-Fi, Yaoi, ", 767, 14093, 471, 456, 5950, 21737
5812, "Doubutsu Sumo Taikai, Movie, Original, 1, , 52 sec., G - All Ages, 4.59, 9346, 421, 8867, 732, 0, 2, "Action, ", 14, 614, 6, 23, 75, 732
5814, "Dankichi-jima no Olympic Taikai, Movie, Original, 1, , 2 min., G - All Ages, 4.28, 9435, 479, 8715, 800, 0, 2, "Action, Sports, ", 10, 672, 6, 28, 84, 800
5826, "Oira no Yakyuu, Movie, Original, 1, , 9 min., G - All Ages, 5.4, 8564, 662, 8106, 1108, 0, 2, "Sports, ", 20, 918, 9, 27, 134, 1108
5838, "Furudera no Obake-soudou, Movie, Original, 1, , 5 min., G - All Ages, 5.01, 9051, 371, 9056, 661, 0, 0, "Action, Adventure, ", 13, 527, 5, 20, 96, 661
5868, "Haru no Uta, Movie, Original, 1, , 3 min., G - All Ages, 4.63, 9323, 467, 8665, 819, 1, 0, "Music, ", 13, 691, 6, 21, 88, 819
5872, "Doubutsu Mura no Sports Day, Movie, Original, 1, , 8 min., G - All Ages, 5.07, 8985, 348, 9205, 604, 1, 0, "Action, ", 13, 486, 6, 22, 77, 604
5874, "Sankou to Tako: Hyakumanryou Chinsoudou, Movie, Original, 1, , 15 min., G - All Ages, 5.15, 8908, 238, 9744, 447, 0, 0, "Action, ", 9, 350, 5, 20, 63, 447
5880, "Oshiruko, ONA, Original, 1, , 1 min., G - All Ages, 5.11, 8950, 528, 8613, 844, 0, 0, "Comedy, ", 8, 686, 6, 17, 127, 844
5902, "Hyakujitsu no Bara, OVA, Manga, 2, 2009-05-29, 24 min. per ep., R+ - Mild Nudity, 6.94, , 12306, 2548, 21898, 90, 4, "Drama, Yaoi, ", 493, 17657, 234, 295, 3219, 21898
5916, "Donguri no Ie, Movie, Manga, 1, , 1 hr. 40 min., G - All Ages, 7, 10024, 14, 12079, 143, 1, 0, "Drama, ", 5, 33, 9, 25, 71, 143
6094, "A Piece of Phantasmagoria, OVA, Unknown, 15, , 5 min. per ep., G - All Ages, 6.25, 6569, 718, 6359, 2547, 17, 3, "Fantasy, Kids, ", 86, 967, 71, 88, 1335, 2547
6154, "Saint Seiya: The Hades Chapter Sanctuary - Yomigaerishi Gold Saint-tachi no Shinwa, Special, Unknown, 2, , 54 min. per ep., PG-13 - Teens 13 or older, 7.9, 704, 2948, 4415, 6423, 12, 2, "Adventure, Sci-Fi, Shounen, ", 105, 4603, 81, 92, 1542, 6423
6198, "Detective Conan OVA 08: High School Girl Detective Sonoko Suzuki&#039;s Case Files, OVA, Manga, 1, , 25 min., PG-13 - Teens 13 or older, 7.3, 2414, 4163, 3958, 8414, 6, 2, "Police, Comedy, Mystery, Shounen, ", 68, 6761, 79, 66, 1440, 8414
6246, "Black Jack: Sora kara Kita Kodomo, OVA, Unknown, 1, , 22 min., PG-13 - Teens 13 or older, 6.9, 3905, 713, 6829, 2040, 2, 4, "Drama, ", 48, 1072, 43, 50, 827, 2040
6418, "Eyeshield 21: Jump Festa 2005 Special, Special, Manga, 1, , 11 min., PG-13 - Teens 13 or older, 6.87, 4028, 1949, 4978, 4769, 7, 2, "Action, Comedy, Shounen, Sports, ", 78, 3199, 64, 66, 1362, 4769
6546, "Pico: My Little Summer Story, OVA, Original, 1, 2007-11-11, 30 min., PG-13 - Teens 13 or older, 5.07, , 3237, 4233, 7201, 95, 2, "Yaoi, ", 169, 4958, 94, 245, 1735, 7201
6680, "Doujouji, Movie, Original, 1, , 18 min., PG-13 - Teens 13 or older, 6.08, 7134, 427, 8344, 971, 2, 0, "Supernatural, Historical, ", 18, 607, 8, 29, 309, 971
6714, "Dragon Ball Z: Atsumare! Gokuu World, OVA, Manga, 1, , 30 min., G - All Ages, 6.69, 4792, 5991, 3329, 12854, 5, 2, "Action, Adventure, Comedy, Super Power, Martial Arts, Fantasy, Shounen, ", 147, 10054, 126, 153, 2374, 12854
6800, "Transformers: Scramble City, OVA, Unknown, 1, , 23 min., PG-13 - Teens 13 or older, 5.97, 7429, 466, 8307, 994, 0, 2, "Action, Sci-Fi, Mecha, Shounen, ", 19, 696, 16, 25, 238, 994
6828, "Ohi-sama to Kaeru, Movie, Original, 1, , 1 min., G - All Ages, 4.2, 9446, 244, 9752, 445, 0, 0, "Comedy, ", 9, 361, 5, 19, 51, 445
6830, "Hinomaru Hatanosuke: Inazuma-gumi Tobatsu no Maki, Movie, Original, 1, , 1 min., G - All Ages, 4.68, 9294, 307, 9377, 547, 0, 2, "Action, Historical, Samurai, ", 9, 450, 4, 21, 63, 547
6832, "Shoujouji no Tanuki-bayashi Ban Danemon, Movie, Original, 1, , 9 min., G - All Ages, 5.05, 9018, 469, 8673, 816, 0, 0, "Supernatural, ", 17, 654, 7, 25, 113, 816
6838, "Dekobou no Jidousha Ryokou, Movie, Original, 1, , 1 min., G - All Ages, 4.18, 9449, 429, 8815, 754, 1, 0, "Adventure, Cars, ", 9, 616, 7, 30, 92, 754
6840, "Maabou no Daikyousou, Movie, Original, 1, , 1 min., G - All Ages, 4.63, 9327, 332, 9188, 614, 1, 2, "Comedy, Sports, ", 9, 493, 7, 23, 82, 614
6842, "Oyoge ya Oyoge, Movie, Original, 1, , 10 min., G - All Ages, 4.94, 9109, 239, 9824, 428, 1, 0, "Sports, ", 10, 338, 4, 20, 56, 428
6844, "Osaru no Sankichi: Boukuusen, Movie, Original, 1, , 3 min., G - All Ages, 4.37, 9420, 389, 9043, 668, 0, 2, "Military, ", 11, 552, 6, 23, 76, 668
6846, "Kuma ni Kuwarenu Otoko, Movie, Original, 1, , 9 min., G - All Ages, 5.06, 9002, 214, 9910, 408, 0, 0, "Adventure, Music, ", 11, 309, 5, 21, 62, 408
6848, "Doubutsu Mura no Daisodou, Movie, Original, 1, , 8 min., G - All Ages, 4.99, 9067, 243, 9711, 455, 0, 0, "Action, ", 8, 351, 6, 21, 69, 455
6850, "Norakuro Shoui: Nichiyoubi no Kaijiken, Movie, Manga, 1, , 1 min., G - All Ages, 4.85, 9185, 287, 9376, 548, 0, 7, "Action, Military, ", 9, 418, 9, 23, 89, 548
6852, "Ahiru no Otegara, Movie, Original, 1, , 1 min., G - All Ages, 5.02, 9039, 616, 8241, 1028, 2, 0, "Adventure, ", 13, 858, 6, 37, 114, 1028
6950, "Aos, Movie, Original, 1, , 9 min., R+ - Mild Nudity, 3.66, 9499, 832, 7550, 1440, 1, 0, "Fantasy, Dementia, ", 11, 1133, 13, 33, 250, 1440
7020, "Fashion, Movie, Unknown, 1, , 3 min., G - All Ages, 4.39, 9411, 167, 10018, 384, 2, 0, "Comedy, Dementia, ", 10, 241, 10, 24, 99, 384
7022, "G-senjou no Higeki, Movie, Original, 1, , 9 min., PG-13 - Teens 13 or older, 3.53, 9509, 429, 8865, 731, 0, 0, "Comedy, Dementia, ", 12, 569, 8, 27, 115, 731
7024, "Heya, Movie, Original, 1, , 4 min., R+ - Mild Nudity, 4, 9475, 633, 8230, 1033, 0, 0, "Comedy, Dementia, ", 10, 871, 7, 24, 121, 1033
7026, "Mado, Movie, Original, 1, , 5 min., G - All Ages, 4.64, 9320, 346, 9263, 585, 0, 0, "Comedy, ", 9, 473, 5, 19, 79, 585
7028, "Pop, Movie, Original, 1, , 2 min., G - All Ages, 3.52, 9512, 417, 8959, 697, 1, 0, "Comedy, ", 10, 564, 5, 26, 92, 697
7030, "Kemeko no Love, Movie, Original, 1, , 3 min., PG - Children, 4.35, 9424, 536, 8478, 910, 0, 0, "Comedy, ", 13, 732, 5, 26, 134, 910
7032, "Kitte no Gensou, Movie, Original, 1, , 6 min., G - All Ages, 4.93, 9115, 295, 9433, 530, 0, 0, "Comedy, ", 11, 409, 6, 21, 83, 530
7170, "Kataku, Movie, Other, 1, , 19 min., PG-13 - Teens 13 or older, 6.16, 6935, 419, 7662, 1371, 5, 0, "Supernatural, Demons, Historical, ", 38, 594, 20, 28, 691, 1371
7244, "Hyakka Zukan, Movie, Unknown, 1, , 12 min., G - All Ages, 5.45, 8454, 263, 9358, 553, 0, 0, "Comedy, ", 14, 374, 6, 19, 140, 553
7258, "Tabi, Movie, Original, 1, , 12 min., PG-13 - Teens 13 or older, 5.44, 8490, 329, 8895, 722, 1, 0, "Fantasy, Psychological, ", 20, 467, 11, 28, 196, 722
7416, "Socket, OVA, Unknown, 1, , 10 min., G - All Ages, 6.18, 6849, 70, 11348, 193, 0, 0, "Kids, ", 9, 88, 6, 19, 71, 193
7430, "Konjiki no Gash Bell!!: Ougon no Chichi wo Motsu Otoko, OVA, Unknown, 1, , 18 min., PG-13 - Teens 13 or older, 6.58, 5291, 977, 6437, 2468, 1, 2, "Action, Adventure, Comedy, Ecchi, Kids, Magic, Romance, Super Power, Supernatural, ", 39, 1457, 51, 45, 876, 2468
7446, "Karo to Piyobupt: Sandwich, Movie, Unknown, 1, , 4 min., G - All Ages, 5.19, 8851, 254, 9751, 446, 0, 4, "Comedy, ", 10, 352, 5, 19, 60, 446
7450, "Kipling Jr., Movie, Unknown, 1, , 14 min., G - All Ages, 5.53, 8329, 193, 10093, 372, 0, 0, "Comedy, ", 16, 264, 5, 17, 70, 372
7466, "Hashire!, ONA, Unknown, 1, , 32 sec., G - All Ages, 5.92, 7527, 392, 9072, 656, 0, 0, "Comedy, ", 10, 530, 2, 22, 92, 656
7488, "Karo to Piyobupt: Ame no Hi, Movie, Unknown, 1, , 4 min., G - All Ages, 5.28, 8731, 266, 9613, 483, 0, 2, "Fantasy, ", 9, 381, 5, 21, 67, 483
7494, "Usagi to Kame, Movie, Other, 1, , 9 min., G - All Ages, 5.22, 8815, 197, 10010, 387, 0, 4, "Fantasy, ", 10, 277, 7, 25, 68, 387
7496, "Saiyuuki: Son Gokuu Monogatari, Movie, Novel, 1, , 8 min., G - All Ages, 6.06, 7219, 242, 8820, 754, 1, 7, "Adventure, ", 18, 391, 17, 40, 288, 754
7504, "Bollogi Iyagi, ONA, Original, 1, , 11 min., G - All Ages, 5.5, 8375, 226, 9867, 417, 0, 0, "Drama, Romance, ", 8, 293, 4, 20, 92, 417
7524, "Mahou no Pen, Movie, Original, 1, , 10 min., G - All Ages, 5.54, 8304, 79, 11185, 207, 0, 0, "Historical, ", 9, 112, 6, 20, 60, 207
7526, "Ousama no Shippo, Movie, Original, 1, , 33 min., G - All Ages, 5.73, 11710, 15, 11896, 155, 0, 0, "Fantasy, ", 13, 34, 5, 30, 73, 155
7528, "Kujira (1952), Movie, Original, 1, , 10 min., G - All Ages, 5.32, 8664, 223, 9474, 519, 1, 2, "Fantasy, ", 13, 326, 6, 24, 150, 519
7530, "Hana to Chou, Movie, Original, 1, , 9 min., G - All Ages, 5.22, 8792, 122, 10263, 339, 0, 0, "Fantasy, ", 14, 186, 8, 25, 106, 339
7718, "Denshinbashira Elemi no Koi, Movie, Unknown, 1, , 45 min., G - All Ages, 6.27, 6505, 528, 7201, 1715, 6, 0, "Fantasy, ", 40, 648, 29, 32, 966, 1715
7728, "Hellsing: Psalm of Darkness, Special, Manga, 1, , 3 min., R - 17+ (violence & profanity), 7.12, 3120, 6657, 2738, 19034, 33, 2, "Action, Supernatural, Vampire, Seinen, ", 355, 10754, 231, 172, 7522, 19034
7752, "Bao Lian Deng, Movie, Other, 1, , 1 hr. 34 min., G - All Ages, 6.3, 6380, 104, 10407, 314, 0, 3, "Action, Adventure, Fantasy, ", 17, 144, 11, 27, 115, 314
7810, "Yami wo Mitsumeru Hane, Movie, Original, 1, , 17 min., R+ - Mild Nudity, 4.98, 9072, 299, 8885, 727, 7, 0, "Dementia, ", 15, 431, 10, 21, 250, 727
7844, "The Place Where We Were, Movie, Original, 1, , 6 min., PG-13 - Teens 13 or older, 6.03, 12445, 37, 10735, 262, 0, 0, "Dementia, ", 9, 67, 10, 26, 150, 262
7856, "Kage no Kodomo, Movie, Original, 1, , 18 min., PG-13 - Teens 13 or older, 6.63, 10709, 24, 11007, 226, 0, 0, "Dementia, ", 10, 47, 8, 22, 139, 226
7876, "Oz no Mahoutsukai, Movie, Book, 1, , 1 hr. 12 min., G - All Ages, 6.09, 7120, 172, 9717, 454, 2, 2, "Adventure, Kids, Fantasy, ", 19, 239, 10, 26, 160, 454
8218, "Fushigi na Elevator, Movie, Unknown, 1, , 7 min., G - All Ages, 6.06, 10152, 35, 10414, 314, 0, 0, "Fantasy, ", 11, 59, 7, 19, 218, 314
8332, "Kudan, Movie, Unknown, 1, , 9 min., PG - Children, 6.55, 5411, 117, 11008, 225, 0, 0, "Fantasy, ", 8, 144, 3, 15, 55, 225
8532, "Katekyo Hitman Reborn! Special, ONA, Manga, 1, , 26 min., PG-13 - Teens 13 or older, 7.69, 1131, 11729, 2499, 22729, 135, 2, "Comedy, Shounen, ", 269, 17960, 160, 120, 4220, 22729
8604, "Oshiri Kajiri Mushi, Music, Unknown, 1, , 2 min., G - All Ages, 4.84, 9198, 320, 9339, 559, 2, 2, "Comedy, Music, ", 15, 423, 8, 30, 83, 559
8626, "Good Morning, Music, Music, 1, , 3 min., G - All Ages, 5.78, 7846, 1265, 6833, 2040, 15, 0, "Slice of Life, Music, ", 19, 1760, 13, 23, 225, 2040
8628, "Chains & Rings, Music, Original, 1, , 3 min., G - All Ages, 5.62, 8159, 467, 8697, 806, 1, 0, "Fantasy, Music, ", 12, 665, 3, 18, 108, 806
8634, "Koisuru Boukun, OVA, Manga, 2, 2010-06-25, 29 min. per ep., R+ - Mild Nudity, 7.47, , 24037, 1771, 40374, 315, 2, "Comedy, Romance, Yaoi, ", 939, 34446, 261, 327, 4401, 40374
8682, "Television, ONA, Unknown, 1, , 2 min., PG - Children, 5.42, 8526, 212, 9959, 399, 0, 0, "Horror, ", 7, 289, 3, 17, 83, 399
8696, "Shiroi Michi, Music, Music, 1, , 2 min., G - All Ages, 5.47, 8429, 128, 10858, 245, 0, 0, "Music, ", 8, 161, 6, 17, 53, 245
8704, "Uchuu Hikoushi no Uta, Music, Unknown, 1, , 2 min., G - All Ages, 5.66, 8097, 241, 9872, 416, 0, 0, "Fantasy, Music, Kids, ", 7, 333, 3, 18, 55, 416
8722, "Ten no Kawa, Music, Unknown, 1, , 2 min., G - All Ages, 5.77, 7878, 316, 9283, 577, 1, 0, "Fantasy, Music, ", 17, 429, 2, 17, 112, 577
8724, "Nobiro Nobiro Daisuki na Ki, Music, Music, 1, , 2 min., G - All Ages, 5.91, 7557, 86, 11271, 200, 0, 0, "Fantasy, Music, ", 6, 114, 7, 17, 56, 200
8730, "Metropolitan Museum, Music, Music, 1, , 2 min., G - All Ages, 5.01, 9055, 164, 10496, 300, 0, 0, "Music, Kids, Fantasy, ", 7, 226, 4, 20, 43, 300
8732, "Yuuki Hitotsu wo Tomo ni Shite, Music, Other, 1, , 2 min., G - All Ages, 5.01, 9060, 129, 10879, 242, 0, 0, "Music, ", 6, 173, 2, 16, 45, 242
8740, "One Piece Film: Strong World Episode 0, OVA, Manga, 1, , 18 min., PG-13 - Teens 13 or older, 8.11, 424, 26508, 1649, 44946, 40, 6, "Action, Adventure, Comedy, Fantasy, Shounen, Super Power, ", 469, 39521, 229, 164, 4563, 44946
8752, "Message Song, Music, Music, 1, , 2 min., G - All Ages, 5.42, 8519, 110, 11194, 206, 0, 0, "Music, ", 7, 142, 5, 19, 33, 206
8936, "Melody, ONA, Unknown, 1, , 8 min., G - All Ages, 5.9, 7600, 558, 8022, 1148, 1, 0, "Drama, ", 18, 746, 12, 21, 351, 1148
9056, "Agitated Screams of Maggots, Music, Unknown, 1, , 3 min., R+ - Mild Nudity, 4.31, 9430, 2484, 5389, 3881, 5, 0, "Dementia, Music, Horror, ", 33, 3366, 19, 57, 406, 3881
9232, "Yebisu Celebrities 1st, OVA, Manga, 1, 2010-05-28, 45 min., R - 17+ (violence & profanity), 6.08, , 3144, 4438, 6374, 5, 2, "Yaoi, ", 301, 4522, 135, 153, 1263, 6374
9318, "Samero, Movie, Original, 1, , 3 min., R+ - Mild Nudity, 4.47, 9391, 260, 9439, 530, 0, 2, "Dementia, ", 10, 373, 6, 20, 121, 530
9416, "Renshenguo, Movie, Unknown, 1, , 44 min., None, 6.41, 5969, 50, 11244, 201, 1, 4, "Adventure, ", 9, 82, 5, 36, 69, 201
9488, "Cencoroll 2, Movie, Original, 1, , 25 min., PG-13 - Teens 13 or older, 0, , 0, 2816, 17945, 17, 2, "Action, Sci-Fi, ", 0, 0, 0, 0, 17945, 17945
9600, "G-Taste (2010), OVA, Manga, 1, 2010-11-22, 26 min., R+ - Mild Nudity, 5.41, , 765, 6897, 1971, 3, 2, "Ecchi, Yuri, ", 91, 1153, 52, 67, 608, 1971
9606, "Kaba no Potomasu, Movie, Unknown, 1, , 25 min., PG - Children, 5.18, 10687, 11, 13025, 98, 1, 0, "Kids, ", 7, 27, 4, 25, 35, 98
9662, "Timing, ONA, Unknown, 1, , 6 min., R - 17+ (violence & profanity), 5.31, 8684, 119, 9124, 641, 0, 0, "Psychological, Horror, ", 9, 163, 6, 23, 440, 641
9732, "Full Moon Party, Music, Unknown, 1, , 3 min., G - All Ages, 5.87, 7643, 768, 7873, 1239, 1, 0, "Music, ", 19, 1063, 5, 19, 133, 1239
9770, "Hello Kitty no Stump Village, TV, Unknown, 26, , 9 min. per ep., G - All Ages, 6.19, 6796, 79, 10454, 306, 1, 0, "Fantasy, Kids, ", 16, 136, 7, 47, 100, 306
9822, "Xiang Qi Wang, TV, Unknown, 26, , 24 min. per ep., PG - Children, 6.2, 6775, 51, 10250, 341, 1, 0, "Game, ", 23, 78, 21, 40, 179, 341
9850, "Koguma no Koro-chan, Movie, Other, 1, , 10 min., G - All Ages, 5.44, 8477, 159, 10286, 335, 0, 0, "Kids, ", 13, 214, 6, 26, 76, 335
9902, "Hyper ERT, TV, Unknown, 20, , 5 min. per ep., G - All Ages, 5.69, 10564, 16, 12902, 104, 0, 0, "Kids, ", 11, 31, 4, 23, 35, 104
9952, "Wei Qi Shao Nian, TV, Unknown, 26, , 22 min. per ep., PG - Children, 6.28, 6499, 51, 10439, 309, 1, 2, "Game, Historical, ", 19, 81, 10, 38, 161, 309
9976, "Wakaranai Buta, Movie, Original, 1, , 10 min., PG-13 - Teens 13 or older, 4.69, 9287, 218, 9723, 454, 0, 0, "Drama, ", 14, 310, 9, 20, 101, 454
9990, "Midori-ko, Movie, Original, 1, , 55 min., PG-13 - Teens 13 or older, 6.05, 7210, 288, 7976, 1176, 3, 0, "Dementia, Drama, ", 44, 388, 17, 27, 700, 1176
10048, "Fuyu no Semi Special, OVA, Manga, 1, 2008-03-26, 1 hr. 38 min., R+ - Mild Nudity, 7.3, , 1024, 5867, 3140, 5, 2, "Action, Military, Historical, Drama, Samurai, Yaoi, ", 72, 1758, 49, 75, 1186, 3140
10112, "Alexandros no Ketsudan, OVA, Unknown, 1, , 45 min., PG-13 - Teens 13 or older, 5.71, 7975, 58, 10447, 307, 0, 0, "Historical, ", 10, 86, 12, 30, 169, 307
10132, "Jin Sheng Yuan, Music, Unknown, 1, , 5 min., PG-13 - Teens 13 or older, 6.22, 6724, 286, 9536, 505, 0, 0, "Music, ", 11, 374, 7, 16, 97, 505
10194, "Badaui Jeonseol Jangbogo, TV, Unknown, 26, , 25 min. per ep., G - All Ages, 6.31, 6340, 103, 9499, 514, 3, 0, "Action, Adventure, Comedy, Mystery, ", 27, 171, 15, 36, 265, 514
10262, "Gag Manga Biyori: Jump Festa 2002 Special, Special, Unknown, 1, , 12 min., PG-13 - Teens 13 or older, 6.43, 5876, 299, 9065, 659, 0, 2, "Comedy, ", 17, 420, 9, 19, 194, 659
10334, "Rurouni Kenshin Recap, Special, Manga, 1, , 47 min., PG-13 - Teens 13 or older, 7.39, 2085, 2029, 4675, 5618, 18, 2, "Action, Adventure, Comedy, Historical, Romance, Samurai, ", 137, 3585, 111, 111, 1674, 5618
10354, "Kakomareta Sekai, ONA, Unknown, 1, , 30 sec., G - All Ages, 5.91, 7553, 268, 8205, 1044, 0, 0, "Drama, ", 38, 411, 28, 24, 543, 1044
10520, "Nurse Witch Komugi-chan Magikarte Z Special, Special, Original, 1, , 4 min., PG - Children, 5.73, 7943, 489, 7526, 1458, 1, 2, "Comedy, Parody, ", 37, 808, 27, 20, 566, 1458
10594, "Tokimeki Tonight Recaps, Special, Unknown, 2, , 49 min. per ep., PG-13 - Teens 13 or older, 6.28, 6495, 68, 10352, 326, 0, 2, "Comedy, Fantasy, Romance, Shoujo, Vampire, ", 19, 119, 9, 38, 141, 326
10674, "Omake, Movie, Unknown, 1, , 2 min., G - All Ages, 5.36, 8602, 220, 9856, 420, 0, 0, "Comedy, ", 10, 311, 4, 17, 78, 420
10718, "Soliton no Akuma, Movie, Unknown, 1, , 1 hr. 30 min., R - 17+ (violence & profanity), 6.06, 7222, 193, 9407, 540, 0, 0, "Military, Drama, Sci-Fi, ", 25, 244, 13, 18, 240, 540
10732, "Konjiki no Gash Bell!!: Hashire Gash!! Ubawareta Umagon, OVA, Unknown, 1, , 21 min., PG-13 - Teens 13 or older, 6.72, 4668, 749, 6783, 2079, 2, 2, "Adventure, Comedy, Magic, Shounen, Supernatural, ", 40, 1155, 47, 37, 800, 2079
10812, "Toumei Shounen Tantei Akira, Special, Unknown, 1, , 13 min., PG-13 - Teens 13 or older, 5.67, 8079, 62, 11363, 193, 0, 5, "Action, Shounen, ", 7, 80, 4, 32, 70, 193
10920, "Seikon no Qwaser II Picture Drama, Special, Unknown, 4, 2011-07-06, 3 min. per ep., R+ - Mild Nudity, 6.12, , 3057, 3875, 8925, 7, 2, "Ecchi, Yuri, ", 250, 4934, 212, 179, 3350, 8925
16506, "San Ge Heshang, Movie, Unknown, 1, , 20 min., G - All Ages, 5.88, 7636, 93, 10797, 255, 1, 0, "Music, ", 11, 128, 4, 21, 91, 255
16554, "Dallyeola Majing-ga-X, Movie, Unknown, 1, , 2 hr., None, 3.75, 9970, 20, 12372, 130, 0, 0, "Mecha, Sci-Fi, ", 5, 42, 6, 23, 54, 130
16558, "Cheol-in 007, Movie, Unknown, 1, , 1 hr. 10 min., PG - Children, 4.61, 9847, 33, 12249, 136, 0, 0, "Action, Mecha, Sci-Fi, ", 5, 56, 5, 24, 46, 136
16572, "Dokgotak: Taeyang-eul Hyanghae Deonjyeola, Movie, Unknown, 1, , 1 hr. 17 min., PG - Children, 4.93, 10012, 14, 12878, 106, 0, 2, "Sports, ", 5, 33, 2, 29, 37, 106
16620, "Robot King, Movie, Unknown, 1, , 1 hr. 5 min., None, 4.57, 11916, 28, 12484, 125, 0, 0, "Action, Mecha, ", 7, 41, 5, 20, 52, 125
16696, "2020 Nyeon Ujuui Wonder Kiddy, TV, Unknown, 13, , 24 min. per ep., PG - Children, 5.96, 7432, 54, 10741, 261, 1, 0, "Sci-Fi, Space, ", 10, 97, 12, 45, 97, 261
16702, "Doraemon: Nobita to Mirai Note, OVA, Unknown, 1, , 16 min., PG - Children, 6.38, 6071, 115, 9942, 403, 0, 2, "Kids, Adventure, Fantasy, Sci-Fi, Shounen, ", 10, 199, 13, 38, 143, 403
16746, "Goesu Daejeonjaeng, Movie, Unknown, 1, , 1 hr. 6 min., None, 3.91, 10271, 11, 13181, 91, 0, 0, "Action, Supernatural, Shounen, ", 6, 26, 2, 25, 32, 91
16748, "Fly, Space Battleship Geobukseon, Movie, Unknown, 1, , 1 hr. 30 min., None, 4.43, 10122, 23, 12146, 141, 0, 0, "Action, Sci-Fi, Shounen, Space, ", 5, 40, 6, 24, 66, 141
16752, "Haedori Daemoheom, Movie, Unknown, 1, , 56 min., None, 5, 10322, 13, 13229, 89, 0, 0, "Adventure, Drama, Military, ", 5, 30, 2, 23, 29, 89
16754, "Taegeugsonyeon Huin Dogsuli, Movie, Unknown, 1, , 1 hr. 30 min., None, 3.63, 12347, 16, 12980, 102, 0, 0, "Action, Adventure, Super Power, Shounen, ", 5, 32, 2, 28, 35, 102
16778, "Gold Pencil And Alien Boy, Movie, Unknown, 1, , 1 hr. 5 min., None, 2.66, 10281, 41, 12060, 145, 0, 0, "Kids, Adventure, Space, ", 5, 57, 5, 24, 54, 145
16780, "Gongnyong Baengmannyeon Ttori, Movie, Unknown, 1, , 1 hr. 15 min., None, 4.14, 10291, 14, 12840, 108, 0, 0, "Action, Adventure, Shounen, ", 7, 31, 2, 23, 45, 108
16784, "Marin X, Movie, Unknown, 1, , 1 hr. 20 min., None, 4.58, 11209, 19, 12923, 104, 0, 0, "Action, Adventure, Mecha, Sci-Fi, Shounen, ", 5, 32, 4, 22, 41, 104
16786, "Bulsajo Robot Phoenix King, Movie, Unknown, 1, , 1 hr. 6 min., PG - Children, 4.37, 9421, 95, 10771, 258, 1, 0, "Action, Space, Mecha, Shounen, ", 9, 136, 4, 23, 86, 258
16790, "Super Samchongsa, Movie, Unknown, 1, , 1 hr. 30 min., None, 4.41, 12322, 17, 13014, 100, 0, 0, "Action, Space, Mecha, Shounen, ", 5, 31, 4, 25, 35, 100
16794, "Computer Haekjeonham Pokpa Daejakjeon, Movie, Unknown, 1, , 1 hr. 8 min., G - All Ages, 4.72, 9278, 79, 11087, 218, 1, 0, "Action, Sci-Fi, Shounen, ", 7, 109, 3, 22, 77, 218
16796, "Mujeokcheorin Rambot, Movie, Unknown, 1, , 1 hr. 10 min., None, 3.58, 11376, 19, 12928, 104, 0, 0, "Action, Mecha, Shounen, Space, ", 5, 31, 3, 24, 41, 104
16800, "Miraesonyeon Kunta Beomyuda 5000 Nyeon, Movie, Unknown, 1, , 1 hr. 15 min., None, 3.56, 11310, 16, 12790, 111, 1, 0, "Action, Adventure, Mecha, Shounen, ", 5, 32, 5, 23, 46, 111
16802, "Golden Batman, Movie, Unknown, 1, , 1 hr. 10 min., G - All Ages, 4.19, 9449, 178, 9232, 599, 1, 0, "Action, Kids, ", 18, 242, 11, 31, 297, 599
16804, "Solar I.II.III, Movie, Unknown, 1, , 1 hr. 15 min., None, 5.07, 12193, 27, 11914, 155, 0, 2, "Action, Mecha, Shounen, ", 10, 49, 3, 31, 62, 155
16806, "Super Titans 15, Movie, Unknown, 1, , 1 hr. 10 min., None, 4.5, 12324, 22, 12730, 114, 0, 0, "Action, Mecha, Shounen, ", 6, 37, 5, 24, 42, 114
16812, "77Danui Bimil, Movie, Unknown, 1, , 1 hr. 9 min., PG-13 - Teens 13 or older, 4.81, 9218, 65, 10914, 236, 0, 0, "Action, Drama, ", 6, 98, 7, 42, 83, 236
16814, "Son O-gong gwa Byeoldeul-ui Jeonjaeng, Movie, Unknown, 1, , 1 hr. 20 min., G - All Ages, 3.67, 12199, 21, 12214, 138, 0, 4, "Action, Adventure, Space, ", 8, 37, 2, 31, 60, 138
16816, "David gwa Goliath, Movie, Unknown, 1, , 1 hr. 15 min., None, 4.9, 9984, 21, 12567, 121, 0, 0, "Adventure, Historical, Kids, ", 5, 39, 4, 26, 47, 121
16820, "Lightning Atom, Movie, Unknown, 1, , 1 hr. 20 min., None, 5.57, 11103, 14, 13031, 99, 0, 0, "Action, Kids, Super Power, ", 7, 28, 4, 28, 32, 99
16822, "Uju Heukgisa, Movie, Unknown, 1, , 1 hr. 10 min., PG - Children, 3.35, 9526, 217, 9813, 433, 1, 0, "Action, Sci-Fi, Space, ", 15, 251, 7, 27, 133, 433
16824, "Hwang-geum-ui Pal, Movie, Unknown, 1, , 1 hr. 8 min., None, 3.93, 10554, 14, 13093, 95, 0, 0, "Sports, Shounen, ", 5, 28, 4, 25, 33, 95
16830, "Uju Jeonsa Hong Gildong, Movie, Unknown, 1, , 1 hr. 25 min., None, 4.78, 12581, 18, 12937, 104, 0, 3, "Action, Kids, Adventure, Space, Sci-Fi, ", 6, 31, 3, 33, 31, 104
16832, "Video Ranger 007, Movie, Unknown, 1, , 1 hr. 11 min., None, 4.65, 12636, 17, 12938, 104, 0, 0, "Action, Adventure, Mecha, ", 7, 33, 5, 27, 32, 104
16834, "Mecha Robot Corps 3, Movie, Unknown, 1, , 1 hr. 8 min., None, 4.19, 11237, 21, 12723, 114, 0, 2, "Action, Adventure, Mecha, Shounen, ", 9, 38, 4, 24, 39, 114
16838, "Gaegujang-i Cheonsadeul, Movie, Unknown, 1, , 1 hr. 20 min., None, 5.06, 10178, 17, 12644, 117, 0, 0, "Kids, Adventure, ", 4, 34, 4, 27, 48, 117
17002, "Choujuu Kishin Dancougar: Juusenki-tai Songs, OVA, Unknown, 1, , 24 min., PG-13 - Teens 13 or older, 5.55, 9911, 40, 11058, 221, 0, 2, "Action, Sci-Fi, Mecha, ", 8, 69, 8, 18, 118, 221
17048, "Choujin Locke Special, Special, Manga, 1, , 10 min., PG-13 - Teens 13 or older, 5.28, 8729, 90, 10742, 261, 0, 4, "Action, Sci-Fi, Super Power, ", 8, 139, 9, 21, 84, 261
